INSERT INTO studentsdb.curriculum (c_number,c_name,c_credits) VALUES
	 ('0001',NULL,2),
	 ('0002',NULL,2),
	 ('0003',NULL,2),
	 ('0004',NULL,4),
	 ('0005',NULL,4);INSERT INTO studentsdb.grade (g_s_number,g_c_number,g_score) VALUES
	 ('0001','0001',80.00),
	 ('0001','0002',91.00),
	 ('0001','0003',88.00),
	 ('0001','0004',85.00),
	 ('0001','0005',77.00),
	 ('0002','0001',73.00),
	 ('0002','0002',68.00),
	 ('0002','0003',80.00),
	 ('0002','0004',79.00),
	 ('0002','0005',73.00);
INSERT INTO studentsdb.grade (g_s_number,g_c_number,g_score) VALUES
	 ('0003','0001',84.00),
	 ('0003','0002',92.00),
	 ('0003','0003',81.00),
	 ('0003','0004',82.00),
	 ('0003','0005',75.00);INSERT INTO studentsdb.stu (s_number,s_name,s_sex,s_birthday,s_localhost,remark) VALUES
	 ('0001','张青平','男','2000-10-01','衡阳市东风路77号',NULL),
	 ('0002','刘东阳','男','1998-12-09','东阳市八一北路33号',NULL),
	 ('0003','马晓夏','女','1995-05-12','长岭市五一路763号',NULL),
	 ('0004','钱忠理','男','1994-09-23','滨海市洞庭大道279号',NULL),
	 ('0005','孙海洋','男','1995-04-03','长岛市解放路27号',NULL),
	 ('0006','郭小斌','男','1997-11-10','南山市红旗路113号',NULL),
	 ('0007','肖月玲','女','1996-12-07','东方市南京路11号',NULL),
	 ('0008','张玲珑','女','1997-12-24','滨江市新建路97号',NULL);INSERT INTO studentsdb.student_info (s_number,s_name,s_sex,s_birthday,s_localhost,remark) VALUES
	 ('0001','张青平','男','2000-10-01','衡阳市东风路77号',NULL),
	 ('0002','刘东阳','男','1998-12-09','东阳市八一北路33号',NULL),
	 ('0003','马晓夏','女','1995-05-12','长岭市五一路763号',NULL),
	 ('0004','钱忠理','男','1994-09-23','滨海市洞庭大道279号',NULL),
	 ('0005','孙海洋','男','1995-04-03','长岛市解放路27号',NULL),
	 ('0006','郭小斌','男','1997-11-10','南山市红旗路113号',NULL),
	 ('0007','肖月玲','女','1996-12-07','东方市南京路11号',NULL),
	 ('0008','张玲珑','女','1997-12-24','滨江市新建路97号',NULL);